,uid,filename,projection
0,1,CXR1_IM-0001-4001.png,Frontal
4,3,CXR3_IM-1384-1001.png,Frontal
10,6,CXR6_IM-2192-1001.png,Frontal
14,8,CXR8_IM-2333-1001.png,Frontal
20,11,CXR11_IM-0067-1001.png,Frontal
22,12,CXR12_IM-0133-1001.png,Frontal
30,16,CXR16_IM-0389-1001.png,Frontal
32,17,CXR17_IM-0460-2001.png,Frontal
38,20,CXR20_IM-0653-1001.png,Frontal
42,22,CXR22_IM-0810-1001.png,Frontal
44,23,CXR23_IM-0879-1001.png,Frontal
46,24,CXR24_IM-0949-1001.png,Frontal
58,30,CXR30_IM-1385-1001.png,Frontal
66,34,CXR34_IM-1644-1001.png,Frontal
70,36,CXR36_IM-1776-1001.png,Frontal
74,38,CXR38_IM-1911-1001.png,Frontal
82,42,CXR42_IM-2063-1001.png,Frontal
87,44,CXR44_IM-2078-1001.png,Frontal
89,46,CXR46_IM-2090-1001.png,Frontal
101,52,CXR52_IM-2131-1001.png,Frontal
109,56,CXR56_IM-2160-2002.png,Frontal
127,65,CXR65_IM-2228-4004.png,Frontal
129,66,CXR66_IM-2236-1001.png,Frontal
133,68,CXR68_IM-2251-1001.png,Frontal
134,69,CXR69_IM-2258-1001.png,Frontal
138,71,CXR71_IM-2273-1001.png,Frontal
139,72,CXR72_IM-2280-1001.png,Frontal
153,79,CXR79_IM-2329-1001.png,Frontal
155,80,CXR80_IM-2333-1001.png,Frontal
156,80,CXR80_IM-2333-3001.png,Frontal
161,83,CXR83_IM-2358-1001.png,Frontal
167,86,CXR86_IM-2380-1001.png,Frontal
168,86,CXR86_IM-2380-3001.png,Frontal
170,87,CXR87_IM-2390-1001.png,Frontal
173,89,CXR89_IM-2402-1001.png,Frontal
182,94,CXR94_IM-2436-1001.png,Frontal
186,96,CXR96_IM-2450-2002.png,Frontal
194,100,CXR100_IM-0002-1001.png,Frontal
205,106,CXR106_IM-0042-1001.png,Frontal
207,107,CXR107_IM-0049-1001.png,Frontal
211,110,CXR110_IM-0067-1001.png,Frontal
220,114,CXR114_IM-0096-1001.png,Frontal
226,117,CXR117_IM-0114-2002.png,Frontal
230,119,CXR119_IM-0128-1001.png,Frontal
233,121,CXR121_IM-0142-1001.png,Frontal
248,129,CXR129_IM-0189-1001.png,Frontal
254,133,CXR133_IM-0212-1001.png,Frontal
258,135,CXR135_IM-0227-1001.png,Frontal
260,136,CXR136_IM-0233-1001.png,Frontal
263,138,CXR138_IM-0244-1001.png,Frontal
267,141,CXR141_IM-0260-1001.png,Frontal
269,142,CXR142_IM-0267-1001.png,Frontal
279,147,CXR147_IM-0303-1001.png,Frontal
280,149,CXR149_IM-0315-1001.png,Frontal
290,154,CXR154_IM-0350-1001.png,Frontal
294,157,CXR157_IM-0372-1001.png,Frontal
295,158,CXR158_IM-0377-1001.png,Frontal
303,162,CXR162_IM-0401-1001.png,Frontal
308,164,CXR164_IM-0419-1001.png,Frontal
318,169,CXR169_IM-0452-1001.png,Frontal
323,171,CXR171_IM-0468-1001.png,Frontal
332,176,CXR176_IM-0496-1001.png,Frontal
349,186,CXR186_IM-0558-1001.png,Frontal
357,190,CXR190_IM-0583-1001.png,Frontal
359,191,CXR191_IM-0591-1001.png,Frontal
367,195,CXR195_IM-0618-1002.png,Frontal
369,196,CXR196_IM-0626-1001.png,Frontal
373,200,CXR200_IM-0653-1001.png,Frontal
379,203,CXR203_IM-0675-1001.png,Frontal
380,204,CXR204_IM-0683-1001.png,Frontal
384,207,CXR207_IM-0703-1001.png,Frontal
386,208,CXR208_IM-0711-1001.png,Frontal
393,211,CXR211_IM-0740-1001.png,Frontal
402,217,CXR217_IM-0786-1001.png,Frontal
406,219,CXR219_IM-0799-1001.png,Frontal
413,222,CXR222_IM-0823-1001.png,Frontal
417,224,CXR224_IM-0837-1001.png,Frontal
419,225,CXR225_IM-0844-1001.png,Frontal
421,226,CXR226_IM-0851-1001.png,Frontal
435,234,CXR234_IM-0906-0001-0001.png,Frontal
438,236,CXR236_IM-0924-1001.png,Frontal
442,238,CXR238_IM-0939-1001.png,Frontal
444,239,CXR239_IM-0944-1001.png,Frontal
447,241,CXR241_IM-0955-1001.png,Frontal
448,242,CXR242_IM-0963-1001.png,Frontal
450,243,CXR243_IM-0971-2001.png,Frontal
451,244,CXR244_IM-0978-1001.png,Frontal
454,246,CXR246_IM-0992-1002001.png,Frontal
456,247,CXR247_IM-1000-1001.png,Frontal
467,252,CXR252_IM-1038-1001.png,Frontal
473,255,CXR255_IM-1058-1001.png,Frontal
481,259,CXR259_IM-1083-1001.png,Frontal
485,261,CXR261_IM-1100-1001.png,Frontal
486,261,CXR261_IM-1100-12012.png,Frontal
488,262,CXR262_IM-1109-1001.png,Frontal
490,264,CXR264_IM-1125-1001.png,Frontal
498,269,CXR269_IM-1161-1001.png,Frontal
500,270,CXR270_IM-1168-1001.png,Frontal
502,271,CXR271_IM-1176-1001.png,Frontal
504,272,CXR272_IM-1182-1001.png,Frontal
510,275,CXR275_IM-1200-1001.png,Frontal
512,276,CXR276_IM-1207-1001.png,Frontal
518,279,CXR279_IM-1224-1001-0002.png,Frontal
523,282,CXR282_IM-1243-1001.png,Frontal
526,283,CXR283_IM-1248-1001.png,Frontal
528,284,CXR284_IM-1252-5005.png,Frontal
534,287,CXR287_IM-1276-4004.png,Frontal
542,291,CXR291_IM-1313-1001.png,Frontal
555,298,CXR298_IM-1369-1001.png,Frontal
561,301,CXR301_IM-1389-1001.png,Frontal
569,306,CXR306_IM-1426-1001.png,Frontal
571,307,CXR307_IM-1432-1001.png,Frontal
575,309,CXR309_IM-1444-1001.png,Frontal
577,310,CXR310_IM-1451-0001-0001.png,Frontal
588,317,CXR317_IM-1493-1001.png,Frontal
590,318,CXR318_IM-1500-1001.png,Frontal
592,319,CXR319_IM-1505-1001.png,Frontal
594,320,CXR320_IM-1511-1001.png,Frontal
602,324,CXR324_IM-1534-1001.png,Frontal
604,325,CXR325_IM-1539-1001.png,Frontal
606,326,CXR326_IM-1546-2002.png,Frontal
610,328,CXR328_IM-1560-1001.png,Frontal
614,330,CXR330_IM-1577-0001-0002.png,Frontal
616,331,CXR331_IM-1584-1001.png,Frontal
626,336,CXR336_IM-1613-1001.png,Frontal
630,338,CXR338_IM-1628-1001.png,Frontal
632,339,CXR339_IM-1635-1001.png,Frontal
636,341,CXR341_IM-1648-1001.png,Frontal
642,344,CXR344_IM-1664-1001.png,Frontal
644,345,CXR345_IM-1672-1001.png,Frontal
646,346,CXR346_IM-1680-12012.png,Frontal
647,346,CXR346_IM-1680-4004.png,Frontal
651,348,CXR348_IM-1690-1001.png,Frontal
663,354,CXR354_IM-1731-1001.png,Frontal
667,356,CXR356_IM-1744-1001.png,Frontal
671,358,CXR358_IM-1759-1001.png,Frontal
673,359,CXR359_IM-1768-1001.png,Frontal
675,360,CXR360_IM-1776-1001.png,Frontal
677,361,CXR361_IM-1783-1001.png,Frontal
679,362,CXR362_IM-1791-1001.png,Frontal
681,363,CXR363_IM-1798-4004.png,Frontal
683,364,CXR364_IM-1804-1001.png,Frontal
685,365,CXR365_IM-1812-1001.png,Frontal
687,366,CXR366_IM-1820-1001.png,Frontal
689,367,CXR367_IM-1826-1001.png,Frontal
691,368,CXR368_IM-1832-1001.png,Frontal
693,370,CXR370_IM-1848-1001.png,Frontal
700,373,CXR373_IM-1864-1001.png,Frontal
704,375,CXR375_IM-1874-1001.png,Frontal
721,385,CXR385_IM-1948-1001.png,Frontal
736,393,CXR393_IM-2002-1001.png,Frontal
761,407,CXR407_IM-2054-1001.png,Frontal
773,413,CXR413_IM-2056-1001.png,Frontal
779,416,CXR416_IM-2059-1001.png,Frontal
785,419,CXR419_IM-2062-1001.png,Frontal
789,421,CXR421_IM-2064-1001.png,Frontal
797,425,CXR425_IM-2068-1001.png,Frontal
801,427,CXR427_IM-2070-1001.png,Frontal
803,428,CXR428_IM-2070-1001.png,Frontal
805,429,CXR429_IM-2070-1001.png,Frontal
807,430,CXR430_IM-2071-1001.png,Frontal
811,432,CXR432_IM-2072-1001.png,Frontal
813,433,CXR433_IM-2073-1001.png,Frontal
816,435,CXR435_IM-2075-1001.png,Frontal
822,438,CXR438_IM-2078-1001.png,Frontal
834,444,CXR444_IM-2079-1001.png,Frontal
836,445,CXR445_IM-2079-1001.png,Frontal
840,448,CXR448_IM-2080-1001.png,Frontal
841,449,CXR449_IM-2080-1001.png,Frontal
842,450,CXR450_IM-2082-1001.png,Frontal
859,459,CXR459_IM-2090-2001.png,Frontal
863,461,CXR461_IM-2090-1001.png,Frontal
879,470,CXR470_IM-2099-3001.png,Frontal
885,473,CXR473_IM-2101-1001.png,Frontal
887,474,CXR474_IM-2101-1001.png,Frontal
889,475,CXR475_IM-2101-1001.png,Frontal
892,477,CXR477_IM-2101-1001.png,Frontal
896,479,CXR479_IM-2102-1001.png,Frontal
898,480,CXR480_IM-2104-1001.png,Frontal
909,487,CXR487_IM-2110-1001.png,Frontal
918,492,CXR492_IM-2112-2002.png,Frontal
926,496,CXR496_IM-2114-1001.png,Frontal
928,497,CXR497_IM-2114-1001.png,Frontal
932,499,CXR499_IM-2116-1001.png,Frontal
937,502,CXR502_IM-2120-1001.png,Frontal
939,503,CXR503_IM-2121-1001.png,Frontal
943,505,CXR505_IM-2123-1001.png,Frontal
945,506,CXR506_IM-2124-1001.png,Frontal
949,508,CXR508_IM-2125-1001.png,Frontal
952,510,CXR510_IM-2126-1001.png,Frontal
960,514,CXR514_IM-2129-2001.png,Frontal
962,515,CXR515_IM-2129-1001.png,Frontal
968,518,CXR518_IM-2131-1001.png,Frontal
970,519,CXR519_IM-2131-1001.png,Frontal
971,519,CXR519_IM-2131-2001.png,Frontal
983,527,CXR527_IM-2137-1001.png,Frontal
984,529,CXR529_IM-2137-1001.png,Frontal
990,532,CXR532_IM-2140-1001.png,Frontal
998,536,CXR536_IM-2143-1001.png,Frontal
1002,538,CXR538_IM-2144-4004.png,Frontal
1004,539,CXR539_IM-2145-1001.png,Frontal
1010,543,CXR543_IM-2148-1001.png,Frontal
1012,544,CXR544_IM-2148-1001.png,Frontal
1024,550,CXR550_IM-2154-1001.png,Frontal
1032,554,CXR554_IM-2155-1001.png,Frontal
1035,556,CXR556_IM-2156-1001-0002.png,Frontal
1037,557,CXR557_IM-2157-2001.png,Frontal
1041,559,CXR559_IM-2159-1001.png,Frontal
1043,560,CXR560_IM-2161-1001.png,Frontal
1045,562,CXR562_IM-2163-1001.png,Frontal
1047,563,CXR563_IM-2164-1001.png,Frontal
1051,565,CXR565_IM-2166-1001.png,Frontal
1059,570,CXR570_IM-2170-1001.png,Frontal
1061,571,CXR571_IM-2170-1001.png,Frontal
1063,572,CXR572_IM-2170-1001.png,Frontal
1072,577,CXR577_IM-2175-1001.png,Frontal
1076,579,CXR579_IM-2176-1001.png,Frontal
1080,581,CXR581_IM-2178-1001.png,Frontal
1082,582,CXR582_IM-2179-1001.png,Frontal
1086,584,CXR584_IM-2181-1001.png,Frontal
1094,588,CXR588_IM-2183-1001.png,Frontal
1096,589,CXR589_IM-2183-1001.png,Frontal
1107,595,CXR595_IM-2187-1001.png,Frontal
1120,602,CXR602_IM-2192-1001.png,Frontal
1134,609,CXR609_IM-2197-1001.png,Frontal
1143,614,CXR614_IM-2200-4001.png,Frontal
1151,618,CXR618_IM-2201-1001.png,Frontal
1159,622,CXR622_IM-2204-1001.png,Frontal
1165,626,CXR626_IM-2206-1001.png,Frontal
1166,626,CXR626_IM-2206-3001.png,Frontal
1172,629,CXR629_IM-2209-1001.png,Frontal
1174,630,CXR630_IM-2211-1001.png,Frontal
1178,632,CXR632_IM-2213-1001.png,Frontal
1193,639,CXR639_IM-2218-1001.png,Frontal
1198,642,CXR642_IM-2221-0001-0001.png,Frontal
1217,652,CXR652_IM-2229-1001.png,Frontal
1221,654,CXR654_IM-2231-1001.png,Frontal
1227,657,CXR657_IM-2233-0001-0001.png,Frontal
1229,658,CXR658_IM-2234-1001.png,Frontal
1239,663,CXR663_IM-2239-1001.png,Frontal
1250,668,CXR668_IM-2242-1001.png,Frontal
1264,676,CXR676_IM-2248-1001.png,Frontal
1276,683,CXR683_IM-2254-1001.png,Frontal
1288,690,CXR690_IM-2258-1001.png,Frontal
1289,691,CXR691_IM-2258-1001.png,Frontal
1298,696,CXR696_IM-2261-1001-0002.png,Frontal
1313,704,CXR704_IM-2267-1001.png,Frontal
1319,707,CXR707_IM-2270-1001.png,Frontal
1321,708,CXR708_IM-2271-1001.png,Frontal
1339,717,CXR717_IM-2279-1001.png,Frontal
1343,719,CXR719_IM-2280-1001.png,Frontal
1345,720,CXR720_IM-2281-1001.png,Frontal
1347,721,CXR721_IM-2282-1001.png,Frontal
1349,722,CXR722_IM-2282-1001.png,Frontal
1353,725,CXR725_IM-2285-1001.png,Frontal
1354,725,CXR725_IM-2285-3001.png,Frontal
1358,727,CXR727_IM-2287-1001.png,Frontal
1366,731,CXR731_IM-2291-1001.png,Frontal
1372,734,CXR734_IM-2293-0001-0002.png,Frontal
1374,735,CXR735_IM-2294-1001.png,Frontal
1375,735,CXR735_IM-2294-3001.png,Frontal
1379,737,CXR737_IM-2295-1001.png,Frontal
1383,739,CXR739_IM-2296-1001.png,Frontal
1385,740,CXR740_IM-2297-2001.png,Frontal
1386,741,CXR741_IM-2297-1001.png,Frontal
1398,748,CXR748_IM-2302-1001.png,Frontal
1404,751,CXR751_IM-2305-1001.png,Frontal
1415,756,CXR756_IM-2307-1001.png,Frontal
1416,756,CXR756_IM-2307-3001.png,Frontal
1418,757,CXR757_IM-2308-1001.png,Frontal
1420,758,CXR758_IM-2309-1001.png,Frontal
1432,764,CXR764_IM-2311-3001.png,Frontal
1436,766,CXR766_IM-2311-1001.png,Frontal
1437,767,CXR767_IM-2312-1001.png,Frontal
1438,767,CXR767_IM-2312-3001.png,Frontal
1439,768,CXR768_IM-2313-1001.png,Frontal
1443,770,CXR770_IM-2316-1001.png,Frontal
1445,771,CXR771_IM-2316-2001.png,Frontal
1458,779,CXR779_IM-2321-1001.png,Frontal
1462,781,CXR781_IM-2323-1001.png,Frontal
1470,785,CXR785_IM-2325-1001.png,Frontal
1480,792,CXR792_IM-2330-1001.png,Frontal
1482,793,CXR793_IM-2330-1001.png,Frontal
1484,794,CXR794_IM-2331-1001.png,Frontal
1486,795,CXR795_IM-2331-1001.png,Frontal
1488,796,CXR796_IM-2332-1001.png,Frontal
1492,798,CXR798_IM-2332-1001.png,Frontal
1494,799,CXR799_IM-2333-1001.png,Frontal
1499,801,CXR801_IM-2335-1001.png,Frontal
1524,815,CXR815_IM-2346-1001.png,Frontal
1542,826,CXR826_IM-2355-1001.png,Frontal
1548,829,CXR829_IM-2358-1001.png,Frontal
1556,833,CXR833_IM-2359-1001.png,Frontal
1568,839,CXR839_IM-2363-1001.png,Frontal
1574,842,CXR842_IM-2366-1001.png,Frontal
1578,844,CXR844_IM-2367-1001.png,Frontal
1590,850,CXR850_IM-2373-0001-0001.png,Frontal
1594,853,CXR853_IM-2375-1001.png,Frontal
1602,857,CXR857_IM-2378-1001.png,Frontal
1614,863,CXR863_IM-2383-1001.png,Frontal
1615,863,CXR863_IM-2383-3001.png,Frontal
1619,865,CXR865_IM-2385-1001.png,Frontal
1626,869,CXR869_IM-2389-2001.png,Frontal
1630,871,CXR871_IM-2391-2001.png,Frontal
1640,879,CXR879_IM-2393-12012.png,Frontal
1644,881,CXR881_IM-2396-1001.png,Frontal
1646,882,CXR882_IM-2397-0001-0002.png,Frontal
1648,883,CXR883_IM-2398-1003.png,Frontal
1653,886,CXR886_IM-2400-1001.png,Frontal
1655,887,CXR887_IM-2400-1001.png,Frontal
1657,888,CXR888_IM-2401-1001.png,Frontal
1659,889,CXR889_IM-2401-1001.png,Frontal
1663,891,CXR891_IM-2403-1001.png,Frontal
1667,893,CXR893_IM-2403-1001.png,Frontal
1669,894,CXR894_IM-2404-0001-0001.png,Frontal
1671,896,CXR896_IM-2406-1001.png,Frontal
1676,899,CXR899_IM-2407-1001.png,Frontal
1687,905,CXR905_IM-2410-0001-0001.png,Frontal
1695,909,CXR909_IM-2414-1001.png,Frontal
1699,911,CXR911_IM-2417-1001.png,Frontal
1701,912,CXR912_IM-2417-1001.png,Frontal
1703,913,CXR913_IM-2417-1001.png,Frontal
1713,918,CXR918_IM-2420-4004.png,Frontal
1717,920,CXR920_IM-2423-1001.png,Frontal
1719,921,CXR921_IM-2423-1001.png,Frontal
1727,926,CXR926_IM-2425-1001.png,Frontal
1731,928,CXR928_IM-2426-1001.png,Frontal
1738,931,CXR931_IM-2429-1001.png,Frontal
1740,932,CXR932_IM-2430-4004.png,Frontal
1747,935,CXR935_IM-2432-1001.png,Frontal
1749,936,CXR936_IM-2432-1001.png,Frontal
1750,937,CXR937_IM-2433-1001.png,Frontal
1754,939,CXR939_IM-2435-1001.png,Frontal
1756,940,CXR940_IM-2437-2001.png,Frontal
1758,941,CXR941_IM-2438-1001.png,Frontal
1762,943,CXR943_IM-2439-5005.png,Frontal
1768,946,CXR946_IM-2441-1001.png,Frontal
1770,947,CXR947_IM-2442-2001.png,Frontal
1775,950,CXR950_IM-2446-1003002.png,Frontal
1777,951,CXR951_IM-2447-1001.png,Frontal
1788,958,CXR958_IM-2449-1001.png,Frontal
1796,962,CXR962_IM-2453-1002001.png,Frontal
1800,964,CXR964_IM-2454-1001.png,Frontal
1802,965,CXR965_IM-2455-1001.png,Frontal
1806,967,CXR967_IM-2457-2002.png,Frontal
1808,968,CXR968_IM-2458-1001.png,Frontal
1812,970,CXR970_IM-2460-2001.png,Frontal
1814,971,CXR971_IM-2461-2001.png,Frontal
1827,977,CXR977_IM-2465-1001.png,Frontal
1832,980,CXR980_IM-2468-1001.png,Frontal
1835,982,CXR982_IM-2470-1001.png,Frontal
1842,985,CXR985_IM-2472-1001.png,Frontal
1843,986,CXR986_IM-2473-2002.png,Frontal
1846,988,CXR988_IM-2474-1001.png,Frontal
1850,990,CXR990_IM-2476-1001.png,Frontal
1856,993,CXR993_IM-2478-1001.png,Frontal
1862,996,CXR996_IM-2479-1001.png,Frontal
1868,999,CXR999_IM-2480-1001.png,Frontal
1869,999,CXR999_IM-2480-3001.png,Frontal
1881,1005,CXR1005_IM-0006-1001.png,Frontal
1883,1006,CXR1006_IM-0007-1001.png,Frontal
1888,1008,CXR1008_IM-0009-4004.png,Frontal
1890,1009,CXR1009_IM-0010-1001.png,Frontal
1892,1010,CXR1010_IM-0012-1001.png,Frontal
1894,1011,CXR1011_IM-0013-1001.png,Frontal
1921,1024,CXR1024_IM-0019-1001.png,Frontal
1924,1026,CXR1026_IM-0021-2002.png,Frontal
1927,1028,CXR1028_IM-0022-1001.png,Frontal
1944,1038,CXR1038_IM-0029-1001.png,Frontal
1946,1039,CXR1039_IM-0030-1002.png,Frontal
1951,1042,CXR1042_IM-0034-1001.png,Frontal
1959,1046,CXR1046_IM-0036-1001.png,Frontal
1961,1047,CXR1047_IM-0036-2001.png,Frontal
1965,1049,CXR1049_IM-0036-1001.png,Frontal
1969,1051,CXR1051_IM-0039-5001.png,Frontal
1971,1052,CXR1052_IM-0040-1001.png,Frontal
1977,1055,CXR1055_IM-0040-1001.png,Frontal
1982,1057,CXR1057_IM-0041-1001.png,Frontal
1997,1066,CXR1066_IM-0047-1001.png,Frontal
1999,1067,CXR1067_IM-0048-1001.png,Frontal
2017,1078,CXR1078_IM-0055-1001.png,Frontal
2023,1083,CXR1083_IM-0058-1001.png,Frontal
2025,1084,CXR1084_IM-0058-1001.png,Frontal
2037,1090,CXR1090_IM-0062-1001.png,Frontal
2039,1091,CXR1091_IM-0062-1001.png,Frontal
2043,1093,CXR1093_IM-0064-1001.png,Frontal
2052,1099,CXR1099_IM-0067-1001.png,Frontal
2075,1109,CXR1109_IM-0076-1001.png,Frontal
2085,1114,CXR1114_IM-0079-1001.png,Frontal
2087,1115,CXR1115_IM-0079-1001.png,Frontal
2092,1118,CXR1118_IM-0079-1001.png,Frontal
2099,1122,CXR1122_IM-0080-1001-0001.png,Frontal
2100,1122,CXR1122_IM-0080-1001-0002.png,Frontal
2123,1136,CXR1136_IM-0092-1001.png,Frontal
2125,1137,CXR1137_IM-0093-12012.png,Frontal
2126,1137,CXR1137_IM-0093-4004.png,Frontal
2127,1138,CXR1138_IM-0094-1001.png,Frontal
2133,1141,CXR1141_IM-0096-1001.png,Frontal
2135,1142,CXR1142_IM-0096-1001.png,Frontal
2139,1144,CXR1144_IM-0097-1001.png,Frontal
2145,1147,CXR1147_IM-0099-4004.png,Frontal
2146,1148,CXR1148_IM-0100-1001.png,Frontal
2151,1151,CXR1151_IM-0102-1001.png,Frontal
2155,1153,CXR1153_IM-0104-1001.png,Frontal
2160,1156,CXR1156_IM-0106-1001.png,Frontal
2166,1159,CXR1159_IM-0107-1001.png,Frontal
2169,1161,CXR1161_IM-0107-1001.png,Frontal
2171,1162,CXR1162_IM-0108-1001.png,Frontal
2173,1163,CXR1163_IM-0108-1001.png,Frontal
2177,1165,CXR1165_IM-0110-1001.png,Frontal
2182,1168,CXR1168_IM-0112-1001.png,Frontal
2190,1172,CXR1172_IM-0117-1001.png,Frontal
2195,1175,CXR1175_IM-0119-1001.png,Frontal
2197,1176,CXR1176_IM-0119-1001.png,Frontal
2201,1178,CXR1178_IM-0121-1001.png,Frontal
2207,1182,CXR1182_IM-0124-1001.png,Frontal
2209,1183,CXR1183_IM-0124-1001.png,Frontal
2215,1188,CXR1188_IM-0127-1001.png,Frontal
2219,1190,CXR1190_IM-0128-1001.png,Frontal
2220,1190,CXR1190_IM-0128-1002.png,Frontal
2222,1191,CXR1191_IM-0128-1001.png,Frontal
2224,1192,CXR1192_IM-0129-1001.png,Frontal
2237,1199,CXR1199_IM-0133-1001.png,Frontal
2247,1205,CXR1205_IM-0138-1001.png,Frontal
2249,1206,CXR1206_IM-0139-1001.png,Frontal
2251,1207,CXR1207_IM-0140-0001-0002.png,Frontal
2256,1209,CXR1209_IM-0142-1001.png,Frontal
2260,1211,CXR1211_IM-0142-1001.png,Frontal
2262,1212,CXR1212_IM-0143-1001.png,Frontal
2271,1218,CXR1218_IM-0146-1001.png,Frontal
2273,1219,CXR1219_IM-0146-1001.png,Frontal
2307,1236,CXR1236_IM-0158-1001.png,Frontal
2311,1238,CXR1238_IM-0160-2002.png,Frontal
2312,1239,CXR1239_IM-0160-1001.png,Frontal
2334,1252,CXR1252_IM-0170-1001.png,Frontal
2336,1253,CXR1253_IM-0171-0001-0002.png,Frontal
2338,1254,CXR1254_IM-0172-1001.png,Frontal
2347,1259,CXR1259_IM-0175-1001.png,Frontal
2349,1260,CXR1260_IM-0176-1001.png,Frontal
2357,1263,CXR1263_IM-0179-1001.png,Frontal
2359,1264,CXR1264_IM-0179-1001.png,Frontal
2365,1267,CXR1267_IM-0179-1001.png,Frontal
2371,1270,CXR1270_IM-0181-1001.png,Frontal
2379,1274,CXR1274_IM-0183-1001.png,Frontal
2387,1278,CXR1278_IM-0185-1001.png,Frontal
2390,1280,CXR1280_IM-0187-1001.png,Frontal
2412,1293,CXR1293_IM-0192-4004.png,Frontal
2413,1294,CXR1294_IM-0193-1001.png,Frontal
2417,1296,CXR1296_IM-0195-1001-0002.png,Frontal
2419,1297,CXR1297_IM-0195-4004.png,Frontal
2431,1304,CXR1304_IM-0199-1001.png,Frontal
2433,1305,CXR1305_IM-0199-1001.png,Frontal
2438,1308,CXR1308_IM-0201-1001.png,Frontal
2440,1309,CXR1309_IM-0201-1001-0001.png,Frontal
2442,1310,CXR1310_IM-0202-1001.png,Frontal
2448,1314,CXR1314_IM-0204-1001.png,Frontal
2450,1315,CXR1315_IM-0204-1001.png,Frontal
2452,1316,CXR1316_IM-0205-1002.png,Frontal
2456,1318,CXR1318_IM-0205-1001.png,Frontal
2458,1319,CXR1319_IM-0205-1001.png,Frontal
2464,1322,CXR1322_IM-0208-3003.png,Frontal
2465,1323,CXR1323_IM-0209-1001.png,Frontal
2476,1330,CXR1330_IM-0213-1001.png,Frontal
2483,1334,CXR1334_IM-0214-1001.png,Frontal
2485,1335,CXR1335_IM-0215-1001.png,Frontal
2493,1340,CXR1340_IM-0220-1001.png,Frontal
2501,1344,CXR1344_IM-0223-1001.png,Frontal
2503,1345,CXR1345_IM-0223-1001.png,Frontal
2508,1347,CXR1347_IM-0225-4004.png,Frontal
2514,1350,CXR1350_IM-0227-1001.png,Frontal
2526,1356,CXR1356_IM-0231-1001.png,Frontal
2532,1359,CXR1359_IM-0233-1001.png,Frontal
2540,1363,CXR1363_IM-0236-0001-0002.png,Frontal
2542,1364,CXR1364_IM-0237-1001.png,Frontal
2546,1366,CXR1366_IM-0237-1001.png,Frontal
2548,1367,CXR1367_IM-0237-1001.png,Frontal
2550,1368,CXR1368_IM-0237-1001.png,Frontal
2562,1374,CXR1374_IM-0240-1001.png,Frontal
2569,1377,CXR1377_IM-0242-1001.png,Frontal
2571,1378,CXR1378_IM-0242-1001.png,Frontal
2573,1379,CXR1379_IM-0243-1001.png,Frontal
2575,1380,CXR1380_IM-0245-1001.png,Frontal
2577,1381,CXR1381_IM-0245-1001.png,Frontal
2579,1382,CXR1382_IM-0245-1001.png,Frontal
2583,1384,CXR1384_IM-0246-1001.png,Frontal
2605,1395,CXR1395_IM-0251-1001.png,Frontal
2607,1396,CXR1396_IM-0252-2001.png,Frontal
2609,1397,CXR1397_IM-0253-1001.png,Frontal
2614,1400,CXR1400_IM-0256-1001.png,Frontal
2618,1402,CXR1402_IM-0257-1001.png,Frontal
2619,1402,CXR1402_IM-0257-2001.png,Frontal
2632,1409,CXR1409_IM-0260-1001.png,Frontal
2634,1410,CXR1410_IM-0260-1001.png,Frontal
2642,1414,CXR1414_IM-0264-1001.png,Frontal
2644,1415,CXR1415_IM-0264-1001.png,Frontal
2650,1418,CXR1418_IM-0267-2002.png,Frontal
2662,1424,CXR1424_IM-0271-2002.png,Frontal
2664,1425,CXR1425_IM-0272-1001.png,Frontal
2666,1426,CXR1426_IM-0272-1001.png,Frontal
2669,1428,CXR1428_IM-0274-1001.png,Frontal
2671,1429,CXR1429_IM-0275-1001.png,Frontal
2674,1431,CXR1431_IM-0278-1001.png,Frontal
2680,1434,CXR1434_IM-0279-1001.png,Frontal
2682,1435,CXR1435_IM-0280-1001.png,Frontal
2688,1438,CXR1438_IM-0282-1002.png,Frontal
2692,1440,CXR1440_IM-0284-1001.png,Frontal
2705,1447,CXR1447_IM-0289-1001.png,Frontal
2707,1448,CXR1448_IM-0289-1001.png,Frontal
2711,1450,CXR1450_IM-0291-1001.png,Frontal
2715,1452,CXR1452_IM-0291-1001.png,Frontal
2719,1454,CXR1454_IM-0293-1001.png,Frontal
2723,1456,CXR1456_IM-0294-1001.png,Frontal
2731,1460,CXR1460_IM-0298-1001.png,Frontal
2733,1461,CXR1461_IM-0299-1001.png,Frontal
2735,1462,CXR1462_IM-0299-1001.png,Frontal
2737,1463,CXR1463_IM-0300-1001.png,Frontal
2742,1466,CXR1466_IM-0302-1001.png,Frontal
2744,1467,CXR1467_IM-0302-1001.png,Frontal
2746,1468,CXR1468_IM-0303-1001.png,Frontal
2748,1469,CXR1469_IM-0303-1001.png,Frontal
2750,1470,CXR1470_IM-0303-1001.png,Frontal
2756,1473,CXR1473_IM-0306-1001.png,Frontal
2761,1476,CXR1476_IM-0308-1001.png,Frontal
2763,1477,CXR1477_IM-0309-1001.png,Frontal
2770,1480,CXR1480_IM-0311-1001.png,Frontal
2772,1481,CXR1481_IM-0312-3001.png,Frontal
2774,1482,CXR1482_IM-0313-1001.png,Frontal
2783,1488,CXR1488_IM-0315-1001.png,Frontal
2785,1489,CXR1489_IM-0315-1001.png,Frontal
2807,1502,CXR1502_IM-0328-1001.png,Frontal
2809,1503,CXR1503_IM-0329-5001.png,Frontal
2811,1504,CXR1504_IM-0330-1001.png,Frontal
2819,1509,CXR1509_IM-0331-1001.png,Frontal
2821,1510,CXR1510_IM-0331-1001.png,Frontal
2823,1511,CXR1511_IM-0331-1001.png,Frontal
2825,1512,CXR1512_IM-0332-2002.png,Frontal
2831,1515,CXR1515_IM-0333-1001.png,Frontal
2833,1516,CXR1516_IM-0334-1001.png,Frontal
2835,1517,CXR1517_IM-0335-1001.png,Frontal
2837,1518,CXR1518_IM-0335-1003.png,Frontal
2841,1520,CXR1520_IM-0336-1002001.png,Frontal
2843,1521,CXR1521_IM-0337-1001.png,Frontal
2844,1521,CXR1521_IM-0337-3001.png,Frontal
2846,1522,CXR1522_IM-0338-0001-0002.png,Frontal
2847,1523,CXR1523_IM-0339-1001.png,Frontal
2863,1530,CXR1530_IM-0344-1001.png,Frontal
2867,1532,CXR1532_IM-0344-1001.png,Frontal
2869,1533,CXR1533_IM-0344-1001.png,Frontal
2873,1535,CXR1535_IM-0346-1001.png,Frontal
2875,1536,CXR1536_IM-0347-0001-0001.png,Frontal
2878,1537,CXR1537_IM-0348-1001.png,Frontal
2882,1539,CXR1539_IM-0349-1001.png,Frontal
2884,1540,CXR1540_IM-0351-1001.png,Frontal
2892,1544,CXR1544_IM-0354-1001.png,Frontal
2894,1545,CXR1545_IM-0355-2002.png,Frontal
2902,1549,CXR1549_IM-0357-1001.png,Frontal
2903,1550,CXR1550_IM-0359-1001.png,Frontal
2905,1551,CXR1551_IM-0359-1001.png,Frontal
2922,1560,CXR1560_IM-0366-1001.png,Frontal
2924,1561,CXR1561_IM-0367-1001.png,Frontal
2934,1566,CXR1566_IM-0369-1001.png,Frontal
2946,1573,CXR1573_IM-0374-1001.png,Frontal
2948,1574,CXR1574_IM-0374-1001.png,Frontal
2958,1579,CXR1579_IM-0376-1001.png,Frontal
2963,1582,CXR1582_IM-0378-1001.png,Frontal
2973,1587,CXR1587_IM-0381-1002001.png,Frontal
2975,1588,CXR1588_IM-0382-1001.png,Frontal
2979,1590,CXR1590_IM-0383-4001.png,Frontal
2986,1594,CXR1594_IM-0385-1001.png,Frontal
2992,1597,CXR1597_IM-0388-1001.png,Frontal
2994,1598,CXR1598_IM-0389-1001.png,Frontal
3000,1601,CXR1601_IM-0390-1001.png,Frontal
3002,1602,CXR1602_IM-0390-1001.png,Frontal
3004,1603,CXR1603_IM-0391-1001.png,Frontal
3008,1605,CXR1605_IM-0393-3001.png,Frontal
3011,1608,CXR1608_IM-0394-1001.png,Frontal
3021,1615,CXR1615_IM-0398-4004.png,Frontal
3022,1616,CXR1616_IM-0399-1001.png,Frontal
3026,1618,CXR1618_IM-0399-1001.png,Frontal
3030,1620,CXR1620_IM-0402-1001.png,Frontal
3034,1622,CXR1622_IM-0404-1001.png,Frontal
3036,1623,CXR1623_IM-0405-4004.png,Frontal
3044,1627,CXR1627_IM-0408-1001.png,Frontal
3051,1632,CXR1632_IM-0413-2001.png,Frontal
3053,1633,CXR1633_IM-0414-1001.png,Frontal
3054,1633,CXR1633_IM-0414-3001.png,Frontal
3060,1636,CXR1636_IM-0415-1001.png,Frontal
3074,1643,CXR1643_IM-0421-1001.png,Frontal
3080,1646,CXR1646_IM-0423-1001.png,Frontal
3082,1647,CXR1647_IM-0424-2001.png,Frontal
3097,1655,CXR1655_IM-0431-1001.png,Frontal
3099,1656,CXR1656_IM-0431-1001.png,Frontal
3101,1657,CXR1657_IM-0432-2002.png,Frontal
3104,1659,CXR1659_IM-0434-1001.png,Frontal
3108,1661,CXR1661_IM-0437-1001.png,Frontal
3110,1663,CXR1663_IM-0439-1001.png,Frontal
3126,1671,CXR1671_IM-0442-1001.png,Frontal
3128,1672,CXR1672_IM-0443-4001.png,Frontal
3132,1674,CXR1674_IM-0445-1001.png,Frontal
3138,1677,CXR1677_IM-0446-1001.png,Frontal
3143,1679,CXR1679_IM-0448-1001.png,Frontal
3147,1681,CXR1681_IM-0448-1001.png,Frontal
3153,1684,CXR1684_IM-0449-1001.png,Frontal
3161,1688,CXR1688_IM-0450-1001.png,Frontal
3163,1689,CXR1689_IM-0451-1001.png,Frontal
3165,1690,CXR1690_IM-0452-1001-0001.png,Frontal
3174,1696,CXR1696_IM-0457-4004.png,Frontal
3176,1697,CXR1697_IM-0458-1001.png,Frontal
3178,1698,CXR1698_IM-0458-1001.png,Frontal
3184,1701,CXR1701_IM-0462-1001.png,Frontal
3195,1707,CXR1707_IM-0466-1001.png,Frontal
3201,1710,CXR1710_IM-0469-1001.png,Frontal
3207,1713,CXR1713_IM-0471-4004.png,Frontal
3211,1716,CXR1716_IM-0473-1001.png,Frontal
3216,1719,CXR1719_IM-0474-1001.png,Frontal
3221,1721,CXR1721_IM-0476-1001.png,Frontal
3229,1726,CXR1726_IM-0479-1001.png,Frontal
3241,1732,CXR1732_IM-0482-1001.png,Frontal
3246,1734,CXR1734_IM-0484-1001.png,Frontal
3252,1737,CXR1737_IM-0485-1001.png,Frontal
3264,1744,CXR1744_IM-0489-2001.png,Frontal
3266,1745,CXR1745_IM-0489-4004.png,Frontal
3268,1746,CXR1746_IM-0489-1001.png,Frontal
3272,1748,CXR1748_IM-0490-1001.png,Frontal
3276,1751,CXR1751_IM-0494-1001.png,Frontal
3286,1756,CXR1756_IM-0494-1001.png,Frontal
3288,1757,CXR1757_IM-0495-1001.png,Frontal
3295,1761,CXR1761_IM-0497-1001.png,Frontal
3303,1766,CXR1766_IM-0500-1001.png,Frontal
3311,1770,CXR1770_IM-0504-1001.png,Frontal
3318,1775,CXR1775_IM-0508-1001.png,Frontal
3324,1778,CXR1778_IM-0509-1001.png,Frontal
3326,1779,CXR1779_IM-0509-1001.png,Frontal
3328,1780,CXR1780_IM-0509-1001.png,Frontal
3344,1788,CXR1788_IM-0513-1001.png,Frontal
3347,1790,CXR1790_IM-0515-1001.png,Frontal
3353,1794,CXR1794_IM-0515-1001.png,Frontal
3357,1796,CXR1796_IM-0517-1002.png,Frontal
3363,1799,CXR1799_IM-0519-1001.png,Frontal
3369,1802,CXR1802_IM-0521-1001.png,Frontal
3376,1805,CXR1805_IM-0523-1001.png,Frontal
3383,1809,CXR1809_IM-0524-1001.png,Frontal
3385,1810,CXR1810_IM-0524-1001.png,Frontal
3388,1812,CXR1812_IM-0525-1001.png,Frontal
3390,1813,CXR1813_IM-0526-1001.png,Frontal
3392,1814,CXR1814_IM-0527-1001.png,Frontal
3411,1824,CXR1824_IM-0535-1001.png,Frontal
3414,1826,CXR1826_IM-0535-0001.png,Frontal
3416,1827,CXR1827_IM-0535-1001.png,Frontal
3418,1828,CXR1828_IM-0536-1001.png,Frontal
3423,1831,CXR1831_IM-0538-2001.png,Frontal
3429,1834,CXR1834_IM-0539-1001.png,Frontal
3435,1837,CXR1837_IM-0541-1001.png,Frontal
3445,1843,CXR1843_IM-0546-1001.png,Frontal
3459,1851,CXR1851_IM-0553-1001.png,Frontal
3461,1852,CXR1852_IM-0554-1001.png,Frontal
3463,1853,CXR1853_IM-0555-1001.png,Frontal
3465,1854,CXR1854_IM-0555-1001.png,Frontal
3469,1856,CXR1856_IM-0556-1001.png,Frontal
3476,1861,CXR1861_IM-0558-1001.png,Frontal
3492,1871,CXR1871_IM-0564-1001.png,Frontal
3503,1877,CXR1877_IM-0568-1001.png,Frontal
3507,1879,CXR1879_IM-0569-1001.png,Frontal
3512,1882,CXR1882_IM-0571-1001.png,Frontal
3519,1885,CXR1885_IM-0574-1001.png,Frontal
3538,1896,CXR1896_IM-0581-1001.png,Frontal
3543,1899,CXR1899_IM-0582-1001.png,Frontal
3549,1902,CXR1902_IM-0586-1001.png,Frontal
3551,1903,CXR1903_IM-0586-1001.png,Frontal
3559,1907,CXR1907_IM-0589-1001.png,Frontal
3568,1911,CXR1911_IM-0593-1001.png,Frontal
3570,1912,CXR1912_IM-0594-1001.png,Frontal
3576,1915,CXR1915_IM-0595-1001.png,Frontal
3585,1920,CXR1920_IM-0598-1001.png,Frontal
3589,1922,CXR1922_IM-0598-1001.png,Frontal
3601,1928,CXR1928_IM-0600-1001.png,Frontal
3607,1931,CXR1931_IM-0602-1001.png,Frontal
3609,1932,CXR1932_IM-0603-2001.png,Frontal
3619,1937,CXR1937_IM-0607-1001.png,Frontal
3621,1938,CXR1938_IM-0608-1001.png,Frontal
3624,1940,CXR1940_IM-0610-2002.png,Frontal
3638,1948,CXR1948_IM-0616-1001.png,Frontal
3643,1950,CXR1950_IM-0618-1001.png,Frontal
3645,1951,CXR1951_IM-0619-1001.png,Frontal
3648,1953,CXR1953_IM-0621-1001.png,Frontal
3650,1954,CXR1954_IM-0622-1001.png,Frontal
3652,1956,CXR1956_IM-0623-1001.png,Frontal
3660,1960,CXR1960_IM-0627-1002001.png,Frontal
3666,1963,CXR1963_IM-0629-1001.png,Frontal
3668,1964,CXR1964_IM-0629-1001.png,Frontal
3672,1966,CXR1966_IM-0629-1001.png,Frontal
3678,1969,CXR1969_IM-0630-1001.png,Frontal
3681,1971,CXR1971_IM-0633-1001.png,Frontal
3687,1974,CXR1974_IM-0633-1001.png,Frontal
3689,1975,CXR1975_IM-0634-1001.png,Frontal
3690,1975,CXR1975_IM-0634-3001.png,Frontal
3699,1979,CXR1979_IM-0637-1001.png,Frontal
3701,1980,CXR1980_IM-0637-1001.png,Frontal
3707,1983,CXR1983_IM-0640-2002.png,Frontal
3711,1985,CXR1985_IM-0642-1001.png,Frontal
3714,1987,CXR1987_IM-0644-1001.png,Frontal
3726,1994,CXR1994_IM-0651-1001.png,Frontal
3728,1995,CXR1995_IM-0651-1001.png,Frontal
3730,1997,CXR1997_IM-0651-1001.png,Frontal
3732,1999,CXR1999_IM-0651-1001.png,Frontal
3734,2000,CXR2000_IM-0654-1001.png,Frontal
3742,2005,CXR2005_IM-0656-1001.png,Frontal
3748,2008,CXR2008_IM-0658-1001.png,Frontal
3750,2010,CXR2010_IM-0661-1001.png,Frontal
3754,2012,CXR2012_IM-0662-3001.png,Frontal
3760,2015,CXR2015_IM-0664-2001.png,Frontal
3762,2016,CXR2016_IM-0665-1001.png,Frontal
3764,2017,CXR2017_IM-0665-1001.png,Frontal
3768,2019,CXR2019_IM-0666-1001.png,Frontal
3770,2020,CXR2020_IM-0668-1001.png,Frontal
3776,2023,CXR2023_IM-0669-1001.png,Frontal
3778,2024,CXR2024_IM-0670-1001.png,Frontal
3781,2026,CXR2026_IM-0671-1001.png,Frontal
3785,2028,CXR2028_IM-0673-1001.png,Frontal
3787,2029,CXR2029_IM-0674-1001.png,Frontal
3791,2031,CXR2031_IM-0676-2002.png,Frontal
3793,2032,CXR2032_IM-0677-1001.png,Frontal
3802,2038,CXR2038_IM-0682-1001.png,Frontal
3808,2041,CXR2041_IM-0685-1001.png,Frontal
3809,2041,CXR2041_IM-0685-3001.png,Frontal
3831,2053,CXR2053_IM-0691-1001.png,Frontal
3838,2056,CXR2056_IM-0694-1001-0002.png,Frontal
3846,2061,CXR2061_IM-0698-1001.png,Frontal
3856,2067,CXR2067_IM-0701-1001.png,Frontal
3858,2068,CXR2068_IM-0701-1001.png,Frontal
3860,2069,CXR2069_IM-0702-1001.png,Frontal
3871,2075,CXR2075_IM-0708-1001.png,Frontal
3875,2078,CXR2078_IM-0710-1001.png,Frontal
3881,2081,CXR2081_IM-0713-1001.png,Frontal
3885,2083,CXR2083_IM-0715-1001.png,Frontal
3890,2086,CXR2086_IM-0717-1001.png,Frontal
3892,2087,CXR2087_IM-0718-3001.png,Frontal
3897,2089,CXR2089_IM-0720-1001.png,Frontal
3899,2090,CXR2090_IM-0722-1001.png,Frontal
3911,2096,CXR2096_IM-0726-1001.png,Frontal
3913,2097,CXR2097_IM-0727-1001-0001.png,Frontal
3917,2098,CXR2098_IM-0728-1001.png,Frontal
3919,2099,CXR2099_IM-0729-1001.png,Frontal
3925,2103,CXR2103_IM-0734-0001-0001.png,Frontal
3929,2106,CXR2106_IM-0736-1001.png,Frontal
3935,2110,CXR2110_IM-0741-1001.png,Frontal
3945,2115,CXR2115_IM-0744-1001.png,Frontal
3955,2120,CXR2120_IM-0747-1001.png,Frontal
3972,2129,CXR2129_IM-0753-1001.png,Frontal
3976,2131,CXR2131_IM-0755-1001.png,Frontal
3986,2136,CXR2136_IM-0758-3001.png,Frontal
4002,2145,CXR2145_IM-0766-1001.png,Frontal
4005,2146,CXR2146_IM-0766-13013.png,Frontal
4006,2146,CXR2146_IM-0766-2002.png,Frontal
4010,2148,CXR2148_IM-0767-3001.png,Frontal
4018,2152,CXR2152_IM-0772-1001.png,Frontal
4024,2156,CXR2156_IM-0775-1001.png,Frontal
4026,2157,CXR2157_IM-0775-1001.png,Frontal
4030,2159,CXR2159_IM-0776-1001.png,Frontal
4032,2160,CXR2160_IM-0778-1001.png,Frontal
4034,2161,CXR2161_IM-0779-1001.png,Frontal
4052,2170,CXR2170_IM-0786-1001.png,Frontal
4060,2174,CXR2174_IM-0787-1001.png,Frontal
4062,2175,CXR2175_IM-0788-1003.png,Frontal
4063,2176,CXR2176_IM-0789-1001.png,Frontal
4087,2189,CXR2189_IM-0798-1001.png,Frontal
4102,2198,CXR2198_IM-0808-1001.png,Frontal
4108,2202,CXR2202_IM-0811-1001.png,Frontal
4123,2210,CXR2210_IM-0817-1001.png,Frontal
4127,2212,CXR2212_IM-0819-1001.png,Frontal
4132,2215,CXR2215_IM-0820-1001.png,Frontal
4148,2223,CXR2223_IM-0827-1001.png,Frontal
4152,2225,CXR2225_IM-0829-3001.png,Frontal
4157,2228,CXR2228_IM-0831-1001.png,Frontal
4161,2230,CXR2230_IM-0831-1001.png,Frontal
4166,2232,CXR2232_IM-0832-1001.png,Frontal
4174,2236,CXR2236_IM-0833-1001.png,Frontal
4178,2238,CXR2238_IM-0835-1001.png,Frontal
4182,2240,CXR2240_IM-0838-1001.png,Frontal
4191,2244,CXR2244_IM-0841-2002.png,Frontal
4193,2245,CXR2245_IM-0842-1001.png,Frontal
4197,2247,CXR2247_IM-0844-1001.png,Frontal
4199,2248,CXR2248_IM-0844-1001.png,Frontal
4204,2251,CXR2251_IM-0844-1001.png,Frontal
4205,2252,CXR2252_IM-0844-1001.png,Frontal
4212,2256,CXR2256_IM-0848-1001.png,Frontal
4213,2256,CXR2256_IM-0848-3001.png,Frontal
4221,2260,CXR2260_IM-0852-1001.png,Frontal
4240,2269,CXR2269_IM-0858-1001.png,Frontal
4247,2273,CXR2273_IM-0861-1001.png,Frontal
4254,2277,CXR2277_IM-0864-1001.png,Frontal
4265,2282,CXR2282_IM-0869-1001.png,Frontal
4275,2288,CXR2288_IM-0872-1001.png,Frontal
4279,2290,CXR2290_IM-0874-1001.png,Frontal
4283,2292,CXR2292_IM-0874-1001.png,Frontal
4287,2294,CXR2294_IM-0876-1001.png,Frontal
4298,2300,CXR2300_IM-0881-1001.png,Frontal
4302,2302,CXR2302_IM-0882-1001.png,Frontal
4303,2303,CXR2303_IM-0882-1001.png,Frontal
4305,2304,CXR2304_IM-0882-4004.png,Frontal
4313,2308,CXR2308_IM-0883-1001.png,Frontal
4314,2308,CXR2308_IM-0883-3001.png,Frontal
4316,2310,CXR2310_IM-0885-1001.png,Frontal
4318,2311,CXR2311_IM-0886-2001.png,Frontal
4320,2312,CXR2312_IM-0887-1001.png,Frontal
4322,2313,CXR2313_IM-0888-1002001.png,Frontal
4328,2316,CXR2316_IM-0889-1001.png,Frontal
4334,2319,CXR2319_IM-0892-3003.png,Frontal
4338,2321,CXR2321_IM-0894-1001.png,Frontal
4339,2321,CXR2321_IM-0894-3001.png,Frontal
4343,2323,CXR2323_IM-0895-12012.png,Frontal
4345,2324,CXR2324_IM-0895-1001.png,Frontal
4358,2332,CXR2332_IM-0900-1001.png,Frontal
4372,2339,CXR2339_IM-0905-1001.png,Frontal
4388,2349,CXR2349_IM-0914-1001.png,Frontal
4395,2353,CXR2353_IM-0918-1001.png,Frontal
4397,2354,CXR2354_IM-0918-1001.png,Frontal
4403,2357,CXR2357_IM-0921-1001.png,Frontal
4405,2358,CXR2358_IM-0922-0001-0002.png,Frontal
4408,2360,CXR2360_IM-0925-1001.png,Frontal
4412,2362,CXR2362_IM-0926-1001.png,Frontal
4418,2365,CXR2365_IM-0927-3001.png,Frontal
4422,2367,CXR2367_IM-0928-1001.png,Frontal
4433,2374,CXR2374_IM-0935-84550001.png,Frontal
4437,2376,CXR2376_IM-0936-1001.png,Frontal
4439,2377,CXR2377_IM-0937-1001.png,Frontal
4455,2385,CXR2385_IM-0942-1001.png,Frontal
4461,2388,CXR2388_IM-0944-1001.png,Frontal
4462,2389,CXR2389_IM-0944-1001.png,Frontal
4466,2391,CXR2391_IM-0944-1001.png,Frontal
4468,2392,CXR2392_IM-0944-1001.png,Frontal
4471,2394,CXR2394_IM-0944-1001.png,Frontal
4473,2395,CXR2395_IM-0944-1001.png,Frontal
4477,2397,CXR2397_IM-0946-1001.png,Frontal
4485,2401,CXR2401_IM-0950-1001.png,Frontal
4508,2413,CXR2413_IM-0959-1001.png,Frontal
4525,2423,CXR2423_IM-0965-1001.png,Frontal
4540,2432,CXR2432_IM-0974-1001.png,Frontal
4547,2435,CXR2435_IM-0976-1001.png,Frontal
4549,2436,CXR2436_IM-0976-1001.png,Frontal
4551,2437,CXR2437_IM-0977-2002.png,Frontal
4553,2438,CXR2438_IM-0978-4004.png,Frontal
4567,2445,CXR2445_IM-0981-2002.png,Frontal
4577,2450,CXR2450_IM-0986-1001.png,Frontal
4581,2453,CXR2453_IM-0988-1001.png,Frontal
4589,2457,CXR2457_IM-0989-1001.png,Frontal
4593,2459,CXR2459_IM-0991-1001.png,Frontal
4595,2460,CXR2460_IM-0993-1001.png,Frontal
4597,2461,CXR2461_IM-0994-0001-0002.png,Frontal
4603,2464,CXR2464_IM-0997-1001.png,Frontal
4607,2466,CXR2466_IM-0997-1001.png,Frontal
4615,2470,CXR2470_IM-1001-1001.png,Frontal
4616,2470,CXR2470_IM-1001-3001.png,Frontal
4618,2471,CXR2471_IM-1002-1001.png,Frontal
4633,2480,CXR2480_IM-1009-1001.png,Frontal
4646,2487,CXR2487_IM-1014-1001.png,Frontal
4653,2491,CXR2491_IM-1017-1001.png,Frontal
4657,2493,CXR2493_IM-1019-8001.png,Frontal
4676,2504,CXR2504_IM-1029-2001.png,Frontal
4694,2515,CXR2515_IM-1036-1001.png,Frontal
4697,2517,CXR2517_IM-1036-1001.png,Frontal
4706,2523,CXR2523_IM-1041-1001.png,Frontal
4711,2526,CXR2526_IM-1043-1001.png,Frontal
4713,2527,CXR2527_IM-1043-1001.png,Frontal
4717,2529,CXR2529_IM-1044-1001.png,Frontal
4724,2533,CXR2533_IM-1047-1001.png,Frontal
4731,2538,CXR2538_IM-1050-1001.png,Frontal
4733,2539,CXR2539_IM-1050-1001.png,Frontal
4734,2539,CXR2539_IM-1050-3001.png,Frontal
4736,2540,CXR2540_IM-1052-1001.png,Frontal
4738,2541,CXR2541_IM-1053-3001.png,Frontal
4740,2542,CXR2542_IM-1053-1001.png,Frontal
4747,2545,CXR2545_IM-1054-1001.png,Frontal
4754,2549,CXR2549_IM-1057-1001.png,Frontal
4757,2551,CXR2551_IM-1058-1001.png,Frontal
4759,2552,CXR2552_IM-1058-1001.png,Frontal
4769,2558,CXR2558_IM-1062-10001.png,Frontal
4771,2559,CXR2559_IM-1063-1001.png,Frontal
4776,2561,CXR2561_IM-1064-1001.png,Frontal
4779,2563,CXR2563_IM-1066-1001.png,Frontal
4781,2564,CXR2564_IM-1067-1001.png,Frontal
4785,2566,CXR2566_IM-1068-1001.png,Frontal
4787,2567,CXR2567_IM-1069-2002.png,Frontal
4797,2572,CXR2572_IM-1073-1001.png,Frontal
4799,2573,CXR2573_IM-1074-1001.png,Frontal
4809,2579,CXR2579_IM-1078-1001.png,Frontal
4816,2583,CXR2583_IM-1081-1001.png,Frontal
4818,2584,CXR2584_IM-1081-1001.png,Frontal
4829,2590,CXR2590_IM-1083-1001.png,Frontal
4831,2591,CXR2591_IM-1083-1001.png,Frontal
4833,2592,CXR2592_IM-1084-1001.png,Frontal
4840,2595,CXR2595_IM-1086-1001.png,Frontal
4842,2596,CXR2596_IM-1086-1001.png,Frontal
4849,2601,CXR2601_IM-1092-4001.png,Frontal
4850,2604,CXR2604_IM-1094-1001.png,Frontal
4852,2605,CXR2605_IM-1095-1001.png,Frontal
4858,2609,CXR2609_IM-1099-3001.png,Frontal
4862,2611,CXR2611_IM-1102-1001.png,Frontal
4863,2611,CXR2611_IM-1102-3001.png,Frontal
4865,2612,CXR2612_IM-1103-1001.png,Frontal
4880,2620,CXR2620_IM-1109-1001.png,Frontal
4882,2621,CXR2621_IM-1109-1001.png,Frontal
4886,2623,CXR2623_IM-1111-1001.png,Frontal
4890,2625,CXR2625_IM-1112-0001-0002.png,Frontal
4892,2626,CXR2626_IM-1113-2001.png,Frontal
4898,2629,CXR2629_IM-1116-1001.png,Frontal
4903,2632,CXR2632_IM-1119-1001.png,Frontal
4914,2638,CXR2638_IM-1123-1001.png,Frontal
4918,2640,CXR2640_IM-1126-2001.png,Frontal
4921,2643,CXR2643_IM-1129-1001.png,Frontal
4933,2651,CXR2651_IM-1136-1001.png,Frontal
4941,2655,CXR2655_IM-1137-1001.png,Frontal
4948,2659,CXR2659_IM-1140-1001.png,Frontal
4950,2660,CXR2660_IM-1142-1001.png,Frontal
4954,2662,CXR2662_IM-1143-2002.png,Frontal
4956,2663,CXR2663_IM-1144-1001.png,Frontal
4960,2665,CXR2665_IM-1145-1001.png,Frontal
4964,2667,CXR2667_IM-1146-1001.png,Frontal
4966,2668,CXR2668_IM-1147-3001.png,Frontal
4974,2672,CXR2672_IM-1148-1001.png,Frontal
4978,2674,CXR2674_IM-1149-1001.png,Frontal
4986,2680,CXR2680_IM-1154-1001.png,Frontal
4991,2683,CXR2683_IM-1156-1001.png,Frontal
4997,2686,CXR2686_IM-1158-1001.png,Frontal
5009,2692,CXR2692_IM-1164-1001.png,Frontal
5013,2694,CXR2694_IM-1165-1001.png,Frontal
5019,2697,CXR2697_IM-1167-1001.png,Frontal
5020,2698,CXR2698_IM-1167-1001.png,Frontal
5022,2699,CXR2699_IM-1167-1001.png,Frontal
5039,2710,CXR2710_IM-1177-1001.png,Frontal
5047,2714,CXR2714_IM-1180-1001.png,Frontal
5058,2720,CXR2720_IM-1182-1001.png,Frontal
5070,2726,CXR2726_IM-1186-2001.png,Frontal
5079,2730,CXR2730_IM-1189-1001.png,Frontal
5081,2731,CXR2731_IM-1189-1001.png,Frontal
5085,2734,CXR2734_IM-1189-1001.png,Frontal
5087,2735,CXR2735_IM-1189-1001.png,Frontal
5092,2739,CXR2739_IM-1193-1001.png,Frontal
5096,2741,CXR2741_IM-1196-1001.png,Frontal
5102,2744,CXR2744_IM-1197-1001.png,Frontal
5110,2748,CXR2748_IM-1198-1001.png,Frontal
5116,2751,CXR2751_IM-1201-1001.png,Frontal
5122,2754,CXR2754_IM-1204-2002.png,Frontal
5127,2758,CXR2758_IM-1206-1001.png,Frontal
5138,2764,CXR2764_IM-1209-1001.png,Frontal
5139,2765,CXR2765_IM-1210-1001.png,Frontal
5145,2768,CXR2768_IM-1212-1001.png,Frontal
5149,2770,CXR2770_IM-1213-1001.png,Frontal
5151,2771,CXR2771_IM-1213-1001.png,Frontal
5153,2772,CXR2772_IM-1213-1001.png,Frontal
5159,2775,CXR2775_IM-1216-3001.png,Frontal
5171,2781,CXR2781_IM-1219-1001.png,Frontal
5177,2784,CXR2784_IM-1220-1001.png,Frontal
5179,2785,CXR2785_IM-1220-1001.png,Frontal
5181,2786,CXR2786_IM-1221-1001.png,Frontal
5183,2787,CXR2787_IM-1222-1001.png,Frontal
5185,2788,CXR2788_IM-1222-1001.png,Frontal
5191,2791,CXR2791_IM-1225-2001.png,Frontal
5193,2792,CXR2792_IM-1226-1001.png,Frontal
5201,2796,CXR2796_IM-1228-1001.png,Frontal
5202,2796,CXR2796_IM-1228-12012.png,Frontal
5204,2797,CXR2797_IM-1229-1001.png,Frontal
5208,2799,CXR2799_IM-1231-1001.png,Frontal
5216,2804,CXR2804_IM-1235-1001.png,Frontal
5218,2805,CXR2805_IM-1235-1001.png,Frontal
5220,2806,CXR2806_IM-1236-1001.png,Frontal
5222,2807,CXR2807_IM-1237-1001.png,Frontal
5230,2811,CXR2811_IM-1238-2001.png,Frontal
5247,2820,CXR2820_IM-1244-1001.png,Frontal
5262,2829,CXR2829_IM-1247-1001.png,Frontal
5263,2829,CXR2829_IM-1247-3001.png,Frontal
5271,2833,CXR2833_IM-1249-1001.png,Frontal
5280,2838,CXR2838_IM-1252-1001.png,Frontal
5281,2839,CXR2839_IM-1252-1001.png,Frontal
5283,2840,CXR2840_IM-1253-1001-0002.png,Frontal
5287,2842,CXR2842_IM-1254-1001.png,Frontal
5293,2845,CXR2845_IM-1254-1001.png,Frontal
5299,2850,CXR2850_IM-1259-2002.png,Frontal
5301,2851,CXR2851_IM-1260-0001-0001.png,Frontal
5303,2852,CXR2852_IM-1261-3001.png,Frontal
5305,2854,CXR2854_IM-1262-1001.png,Frontal
5307,2855,CXR2855_IM-1263-1001.png,Frontal
5309,2856,CXR2856_IM-1263-1001.png,Frontal
5320,2861,CXR2861_IM-1269-2001.png,Frontal
5322,2862,CXR2862_IM-1270-1001.png,Frontal
5324,2863,CXR2863_IM-1271-3001.png,Frontal
5329,2866,CXR2866_IM-1273-1001.png,Frontal
5335,2870,CXR2870_IM-1276-1001.png,Frontal
5337,2871,CXR2871_IM-1277-1001.png,Frontal
5339,2873,CXR2873_IM-1279-2002.png,Frontal
5343,2876,CXR2876_IM-1282-1001.png,Frontal
5345,2877,CXR2877_IM-1283-1001.png,Frontal
5350,2880,CXR2880_IM-1284-1001.png,Frontal
5352,2881,CXR2881_IM-1285-4004.png,Frontal
5366,2889,CXR2889_IM-1291-1001.png,Frontal
5374,2893,CXR2893_IM-1295-1001.png,Frontal
5378,2895,CXR2895_IM-1297-1001.png,Frontal
5382,2898,CXR2898_IM-1300-0001-0001.png,Frontal
5383,2898,CXR2898_IM-1300-0001-0002.png,Frontal
5385,2899,CXR2899_IM-1301-1001.png,Frontal
5389,2902,CXR2902_IM-1306-4001.png,Frontal
5402,2910,CXR2910_IM-1314-1001.png,Frontal
5406,2915,CXR2915_IM-1317-3001.png,Frontal
5408,2916,CXR2916_IM-1318-1001.png,Frontal
5412,2918,CXR2918_IM-1320-1001.png,Frontal
5416,2920,CXR2920_IM-1323-1001.png,Frontal
5422,2923,CXR2923_IM-1326-1001.png,Frontal
5426,2925,CXR2925_IM-1327-1001.png,Frontal
5428,2926,CXR2926_IM-1328-1001.png,Frontal
5441,2932,CXR2932_IM-1335-1001.png,Frontal
5443,2933,CXR2933_IM-1336-1001.png,Frontal
5444,2933,CXR2933_IM-1336-3001.png,Frontal
5453,2937,CXR2937_IM-1339-1001.png,Frontal
5455,2938,CXR2938_IM-1339-1001.png,Frontal
5461,2941,CXR2941_IM-1342-1001.png,Frontal
5463,2942,CXR2942_IM-1343-1001.png,Frontal
5473,2947,CXR2947_IM-1347-1001.png,Frontal
5475,2948,CXR2948_IM-1348-1001.png,Frontal
5479,2950,CXR2950_IM-1348-1001.png,Frontal
5484,2953,CXR2953_IM-1351-1001.png,Frontal
5490,2956,CXR2956_IM-1353-2001.png,Frontal
5496,2959,CXR2959_IM-1354-1001.png,Frontal
5497,2960,CXR2960_IM-1354-1001.png,Frontal
5503,2963,CXR2963_IM-1356-1001.png,Frontal
5505,2964,CXR2964_IM-1357-2001.png,Frontal
5507,2965,CXR2965_IM-1358-1001.png,Frontal
5511,2967,CXR2967_IM-1360-1001.png,Frontal
5518,2971,CXR2971_IM-1362-2001.png,Frontal
5547,2988,CXR2988_IM-1375-1001.png,Frontal
5551,2991,CXR2991_IM-1378-1001.png,Frontal
5554,2993,CXR2993_IM-1380-1001.png,Frontal
5556,2994,CXR2994_IM-1380-1001.png,Frontal
5558,2995,CXR2995_IM-1381-1001.png,Frontal
5560,2996,CXR2996_IM-1381-1001.png,Frontal
5562,2997,CXR2997_IM-1381-2001.png,Frontal
5564,2998,CXR2998_IM-1382-1001.png,Frontal
5572,3002,CXR3002_IM-1388-1001.png,Frontal
5579,3008,CXR3008_IM-1389-1001.png,Frontal
5582,3010,CXR3010_IM-1389-1001.png,Frontal
5586,3012,CXR3012_IM-1390-1001.png,Frontal
5592,3015,CXR3015_IM-1392-1001.png,Frontal
5599,3020,CXR3020_IM-1395-1001.png,Frontal
5601,3021,CXR3021_IM-1396-4004.png,Frontal
5606,3024,CXR3024_IM-1399-1001.png,Frontal
5608,3025,CXR3025_IM-1400-1001.png,Frontal
5610,3026,CXR3026_IM-1401-1001.png,Frontal
5611,3026,CXR3026_IM-1401-3001.png,Frontal
5618,3030,CXR3030_IM-1405-3001.png,Frontal
5620,3031,CXR3031_IM-1406-1001.png,Frontal
5624,3033,CXR3033_IM-1408-1001.png,Frontal
5629,3037,CXR3037_IM-1410-1001.png,Frontal
5633,3039,CXR3039_IM-1412-1001.png,Frontal
5636,3041,CXR3041_IM-1415-1001.png,Frontal
5643,3045,CXR3045_IM-1418-1001.png,Frontal
5647,3047,CXR3047_IM-1418-1001.png,Frontal
5650,3049,CXR3049_IM-1420-1001.png,Frontal
5652,3050,CXR3050_IM-1420-1001.png,Frontal
5653,3051,CXR3051_IM-1420-1001.png,Frontal
5657,3053,CXR3053_IM-1421-1001.png,Frontal
5666,3059,CXR3059_IM-1425-1001.png,Frontal
5668,3060,CXR3060_IM-1426-1003.png,Frontal
5672,3063,CXR3063_IM-1428-1001.png,Frontal
5679,3067,CXR3067_IM-1430-1001.png,Frontal
5684,3070,CXR3070_IM-1432-1001.png,Frontal
5686,3071,CXR3071_IM-1433-1001.png,Frontal
5690,3073,CXR3073_IM-1434-1001.png,Frontal
5711,3083,CXR3083_IM-1442-7001.png,Frontal
5723,3089,CXR3089_IM-1444-1001.png,Frontal
5740,3098,CXR3098_IM-1450-1001.png,Frontal
5748,3102,CXR3102_IM-1454-1001.png,Frontal
5752,3104,CXR3104_IM-1455-1001.png,Frontal
5754,3105,CXR3105_IM-1456-1001.png,Frontal
5756,3106,CXR3106_IM-1456-1001.png,Frontal
5761,3109,CXR3109_IM-1458-1001.png,Frontal
5767,3112,CXR3112_IM-1461-1001.png,Frontal
5771,3114,CXR3114_IM-1462-1001.png,Frontal
5773,3115,CXR3115_IM-1463-1001.png,Frontal
5777,3117,CXR3117_IM-1465-1001.png,Frontal
5781,3119,CXR3119_IM-1466-1001.png,Frontal
5787,3122,CXR3122_IM-1467-1001.png,Frontal
5793,3125,CXR3125_IM-1469-1001.png,Frontal
5795,3126,CXR3126_IM-1470-1001.png,Frontal
5804,3131,CXR3131_IM-1473-1001.png,Frontal
5806,3132,CXR3132_IM-1473-1001.png,Frontal
5808,3133,CXR3133_IM-1474-1001.png,Frontal
5810,3134,CXR3134_IM-1474-1001.png,Frontal
5812,3135,CXR3135_IM-1474-1001.png,Frontal
5814,3136,CXR3136_IM-1475-1001.png,Frontal
5818,3138,CXR3138_IM-1476-1001.png,Frontal
5820,3139,CXR3139_IM-1476-1001.png,Frontal
5824,3141,CXR3141_IM-1477-1001.png,Frontal
5829,3143,CXR3143_IM-1477-1001.png,Frontal
5831,3144,CXR3144_IM-1478-1001.png,Frontal
5833,3145,CXR3145_IM-1479-1001.png,Frontal
5835,3146,CXR3146_IM-1479-1001.png,Frontal
5837,3147,CXR3147_IM-1480-1001.png,Frontal
5853,3156,CXR3156_IM-1486-1001.png,Frontal
5855,3157,CXR3157_IM-1487-1001.png,Frontal
5864,3163,CXR3163_IM-1488-1001.png,Frontal
5872,3167,CXR3167_IM-1491-1001.png,Frontal
5884,3173,CXR3173_IM-1495-2002.png,Frontal
5890,3176,CXR3176_IM-1497-1001.png,Frontal
5898,3180,CXR3180_IM-1500-3001.png,Frontal
5900,3181,CXR3181_IM-1500-1001.png,Frontal
5903,3183,CXR3183_IM-1502-1001.png,Frontal
5907,3185,CXR3185_IM-1503-1001.png,Frontal
5924,3194,CXR3194_IM-1505-1001.png,Frontal
5928,3196,CXR3196_IM-1507-1001.png,Frontal
5934,3199,CXR3199_IM-1510-1001.png,Frontal
5935,3200,CXR3200_IM-1512-1001.png,Frontal
5941,3203,CXR3203_IM-1513-1001.png,Frontal
5945,3205,CXR3205_IM-1513-1001.png,Frontal
5947,3206,CXR3206_IM-1513-1001.png,Frontal
5951,3208,CXR3208_IM-1515-1001.png,Frontal
5953,3209,CXR3209_IM-1515-1001.png,Frontal
5955,3210,CXR3210_IM-1517-1001.png,Frontal
5958,3212,CXR3212_IM-1517-1001.png,Frontal
5963,3215,CXR3215_IM-1520-1002.png,Frontal
5965,3216,CXR3216_IM-1520-1001.png,Frontal
5968,3218,CXR3218_IM-1520-1001.png,Frontal
5969,3218,CXR3218_IM-1520-3001.png,Frontal
5973,3220,CXR3220_IM-1522-1001.png,Frontal
5975,3221,CXR3221_IM-1522-1002.png,Frontal
5977,3222,CXR3222_IM-1522-1001.png,Frontal
5979,3223,CXR3223_IM-1523-1001.png,Frontal
5981,3224,CXR3224_IM-1524-1001.png,Frontal
5983,3225,CXR3225_IM-1525-1001.png,Frontal
5987,3227,CXR3227_IM-1525-1001.png,Frontal
6001,3234,CXR3234_IM-1531-1001.png,Frontal
6003,3235,CXR3235_IM-1532-1001.png,Frontal
6005,3236,CXR3236_IM-1533-1001.png,Frontal
6010,3239,CXR3239_IM-1534-1001.png,Frontal
6025,3247,CXR3247_IM-1538-1001.png,Frontal
6036,3252,CXR3252_IM-1542-1001.png,Frontal
6038,3253,CXR3253_IM-1542-1001.png,Frontal
6040,3254,CXR3254_IM-1543-1001.png,Frontal
6047,3258,CXR3258_IM-1544-1001.png,Frontal
6053,3261,CXR3261_IM-1547-1001.png,Frontal
6055,3262,CXR3262_IM-1548-1001.png,Frontal
6056,3262,CXR3262_IM-1548-3001.png,Frontal
6058,3263,CXR3263_IM-1549-1001.png,Frontal
6059,3263,CXR3263_IM-1549-3001.png,Frontal
6063,3265,CXR3265_IM-1551-1001.png,Frontal
6065,3266,CXR3266_IM-1551-1001.png,Frontal
6067,3267,CXR3267_IM-1551-1001.png,Frontal
6069,3268,CXR3268_IM-1551-1001.png,Frontal
6070,3269,CXR3269_IM-1552-1001.png,Frontal
6073,3271,CXR3271_IM-1552-1001.png,Frontal
6087,3279,CXR3279_IM-1560-1001.png,Frontal
6097,3283,CXR3283_IM-1564-1001.png,Frontal
6100,3284,CXR3284_IM-1565-20001.png,Frontal
6101,3285,CXR3285_IM-1566-1001.png,Frontal
6107,3288,CXR3288_IM-1569-1001.png,Frontal
6109,3289,CXR3289_IM-1570-1001.png,Frontal
6111,3290,CXR3290_IM-1572-1001.png,Frontal
6113,3291,CXR3291_IM-1572-1001.png,Frontal
6123,3298,CXR3298_IM-1575-1001.png,Frontal
6129,3301,CXR3301_IM-1579-1001.png,Frontal
6139,3307,CXR3307_IM-1582-1002001.png,Frontal
6140,3307,CXR3307_IM-1582-1003002.png,Frontal
6141,3307,CXR3307_IM-1582-1004003.png,Frontal
6143,3309,CXR3309_IM-1583-1001.png,Frontal
6147,3311,CXR3311_IM-1586-1001.png,Frontal
6153,3314,CXR3314_IM-1586-1001.png,Frontal
6155,3315,CXR3315_IM-1586-1001.png,Frontal
6158,3317,CXR3317_IM-1587-1001.png,Frontal
6164,3320,CXR3320_IM-1588-1001.png,Frontal
6166,3321,CXR3321_IM-1588-1001.png,Frontal
6174,3325,CXR3325_IM-1591-1001.png,Frontal
6182,3329,CXR3329_IM-1594-1001.png,Frontal
6184,3330,CXR3330_IM-1594-1001.png,Frontal
6190,3333,CXR3333_IM-1597-1001.png,Frontal
6199,3338,CXR3338_IM-1599-2001.png,Frontal
6201,3339,CXR3339_IM-1599-1001.png,Frontal
6205,3341,CXR3341_IM-1602-1001.png,Frontal
6209,3343,CXR3343_IM-1603-1001.png,Frontal
6212,3345,CXR3345_IM-1603-1001.png,Frontal
6214,3346,CXR3346_IM-1604-1001.png,Frontal
6222,3350,CXR3350_IM-1607-0001-0001.png,Frontal
6224,3352,CXR3352_IM-1608-1001.png,Frontal
6234,3358,CXR3358_IM-1611-1001.png,Frontal
6236,3359,CXR3359_IM-1612-3001.png,Frontal
6237,3359,CXR3359_IM-1612-4001.png,Frontal
6242,3361,CXR3361_IM-1614-1001.png,Frontal
6244,3362,CXR3362_IM-1615-1001.png,Frontal
6251,3365,CXR3365_IM-1618-1001.png,Frontal
6255,3367,CXR3367_IM-1619-3001.png,Frontal
6261,3370,CXR3370_IM-1622-2001.png,Frontal
6267,3373,CXR3373_IM-1623-1001.png,Frontal
6276,3377,CXR3377_IM-1626-1002001.png,Frontal
6283,3381,CXR3381_IM-1628-1001.png,Frontal
6289,3384,CXR3384_IM-1631-1001.png,Frontal
6291,3385,CXR3385_IM-1632-1001.png,Frontal
6293,3386,CXR3386_IM-1633-1001.png,Frontal
6301,3390,CXR3390_IM-1636-1001.png,Frontal
6302,3390,CXR3390_IM-1636-3001.png,Frontal
6306,3392,CXR3392_IM-1637-1001.png,Frontal
6312,3395,CXR3395_IM-1639-0001-0001.png,Frontal
6319,3400,CXR3400_IM-1644-1001.png,Frontal
6325,3403,CXR3403_IM-1647-1001.png,Frontal
6344,3413,CXR3413_IM-1650-1001.png,Frontal
6359,3420,CXR3420_IM-1656-1001.png,Frontal
6363,3422,CXR3422_IM-1656-1001.png,Frontal
6371,3427,CXR3427_IM-1657-1001.png,Frontal
6379,3431,CXR3431_IM-1660-1001.png,Frontal
6383,3433,CXR3433_IM-1662-1001.png,Frontal
6385,3434,CXR3434_IM-1662-1001.png,Frontal
6393,3438,CXR3438_IM-1664-1001.png,Frontal
6394,3439,CXR3439_IM-1664-1001.png,Frontal
6398,3441,CXR3441_IM-1666-1001.png,Frontal
6402,3443,CXR3443_IM-1667-1001.png,Frontal
6407,3445,CXR3445_IM-1668-1001.png,Frontal
6409,3446,CXR3446_IM-1669-1001.png,Frontal
6415,3450,CXR3450_IM-1673-1001.png,Frontal
6419,3452,CXR3452_IM-1675-1001.png,Frontal
6421,3453,CXR3453_IM-1676-0001-0001.png,Frontal
6431,3458,CXR3458_IM-1678-1001.png,Frontal
6435,3460,CXR3460_IM-1681-1001.png,Frontal
6437,3461,CXR3461_IM-1682-1001.png,Frontal
6442,3465,CXR3465_IM-1683-1001.png,Frontal
6458,3472,CXR3472_IM-1688-1001.png,Frontal
6460,3473,CXR3473_IM-1688-2002.png,Frontal
6464,3475,CXR3475_IM-1688-1001.png,Frontal
6466,3477,CXR3477_IM-1690-3001.png,Frontal
6478,3483,CXR3483_IM-1692-1001.png,Frontal
6484,3487,CXR3487_IM-1696-1001.png,Frontal
6488,3489,CXR3489_IM-1696-1001.png,Frontal
6500,3495,CXR3495_IM-1700-1001.png,Frontal
6501,3495,CXR3495_IM-1700-3001.png,Frontal
6507,3499,CXR3499_IM-1703-2002.png,Frontal
6509,3500,CXR3500_IM-1706-1001.png,Frontal
6511,3501,CXR3501_IM-1706-1001.png,Frontal
6515,3503,CXR3503_IM-1707-3001.png,Frontal
6516,3504,CXR3504_IM-1707-1001.png,Frontal
6518,3505,CXR3505_IM-1707-1001.png,Frontal
6531,3511,CXR3511_IM-1714-1001.png,Frontal
6535,3513,CXR3513_IM-1715-1001.png,Frontal
6552,3522,CXR3522_IM-1720-1001.png,Frontal
6556,3524,CXR3524_IM-1721-1001.png,Frontal
6562,3527,CXR3527_IM-1724-1001.png,Frontal
6564,3528,CXR3528_IM-1725-2002.png,Frontal
6579,3535,CXR3535_IM-1728-0001-0002.png,Frontal
6585,3538,CXR3538_IM-1731-1001.png,Frontal
6587,3539,CXR3539_IM-1731-1001.png,Frontal
6593,3542,CXR3542_IM-1734-1001.png,Frontal
6605,3548,CXR3548_IM-1739-1001.png,Frontal
6607,3549,CXR3549_IM-1739-1001-0001.png,Frontal
6608,3549,CXR3549_IM-1739-1001-0002.png,Frontal
6614,3552,CXR3552_IM-1741-1001.png,Frontal
6616,3553,CXR3553_IM-1741-1001.png,Frontal
6625,3560,CXR3560_IM-1745-1001.png,Frontal
6627,3561,CXR3561_IM-1746-1001.png,Frontal
6631,3563,CXR3563_IM-1748-2002.png,Frontal
6654,3574,CXR3574_IM-1756-1001.png,Frontal
6658,3576,CXR3576_IM-1757-1001.png,Frontal
6660,3577,CXR3577_IM-1758-1001.png,Frontal
6666,3580,CXR3580_IM-1760-1001.png,Frontal
6670,3582,CXR3582_IM-1761-1001.png,Frontal
6675,3585,CXR3585_IM-1763-1001.png,Frontal
6679,3587,CXR3587_IM-1765-1001.png,Frontal
6681,3588,CXR3588_IM-1766-1001.png,Frontal
6685,3590,CXR3590_IM-1769-1001.png,Frontal
6691,3593,CXR3593_IM-1772-1001.png,Frontal
6693,3594,CXR3594_IM-1772-1001.png,Frontal
6701,3598,CXR3598_IM-1775-1001.png,Frontal
6711,3603,CXR3603_IM-1779-1001.png,Frontal
6713,3604,CXR3604_IM-1780-0001-0001.png,Frontal
6715,3605,CXR3605_IM-1781-1001.png,Frontal
6717,3606,CXR3606_IM-1781-1001.png,Frontal
6724,3610,CXR3610_IM-1783-1001.png,Frontal
6737,3617,CXR3617_IM-1789-1001.png,Frontal
6741,3619,CXR3619_IM-1791-1001.png,Frontal
6749,3624,CXR3624_IM-1794-1001.png,Frontal
6751,3625,CXR3625_IM-1794-1001.png,Frontal
6758,3629,CXR3629_IM-1797-1001.png,Frontal
6768,3634,CXR3634_IM-1801-1001.png,Frontal
6774,3637,CXR3637_IM-1804-1001.png,Frontal
6779,3639,CXR3639_IM-1804-1002001.png,Frontal
6792,3646,CXR3646_IM-1808-0001-0002.png,Frontal
6794,3647,CXR3647_IM-1809-1001.png,Frontal
6796,3648,CXR3648_IM-1810-3001.png,Frontal
6798,3649,CXR3649_IM-1811-3001.png,Frontal
6819,3660,CXR3660_IM-1820-1001.png,Frontal
6821,3661,CXR3661_IM-1821-1001.png,Frontal
6825,3663,CXR3663_IM-1822-1001.png,Frontal
6827,3664,CXR3664_IM-1822-1001.png,Frontal
6829,3665,CXR3665_IM-1823-1001.png,Frontal
6847,3674,CXR3674_IM-1829-0001-0001.png,Frontal
6849,3675,CXR3675_IM-1829-0001-0001.png,Frontal
6857,3679,CXR3679_IM-1831-1001.png,Frontal
6882,3692,CXR3692_IM-1843-1001.png,Frontal
6884,3693,CXR3693_IM-1844-1001.png,Frontal
6894,3698,CXR3698_IM-1846-1001.png,Frontal
6899,3701,CXR3701_IM-1848-1001.png,Frontal
6903,3703,CXR3703_IM-1850-1001.png,Frontal
6905,3704,CXR3704_IM-1851-1001.png,Frontal
6932,3719,CXR3719_IM-1857-1001.png,Frontal
6934,3720,CXR3720_IM-1859-1001.png,Frontal
6938,3722,CXR3722_IM-1859-1001.png,Frontal
6940,3723,CXR3723_IM-1860-1001.png,Frontal
6942,3724,CXR3724_IM-1860-2001.png,Frontal
6946,3726,CXR3726_IM-1862-1001.png,Frontal
6950,3728,CXR3728_IM-1864-1001.png,Frontal
6952,3729,CXR3729_IM-1864-1001.png,Frontal
6956,3731,CXR3731_IM-1865-1001.png,Frontal
6962,3734,CXR3734_IM-1866-1001.png,Frontal
6967,3737,CXR3737_IM-1867-2001.png,Frontal
6969,3738,CXR3738_IM-1867-1001.png,Frontal
6979,3744,CXR3744_IM-1871-0001-0001.png,Frontal
6981,3745,CXR3745_IM-1872-1001.png,Frontal
6985,3747,CXR3747_IM-1873-1001.png,Frontal
6989,3749,CXR3749_IM-1874-1001.png,Frontal
6998,3754,CXR3754_IM-1878-2001.png,Frontal
7016,3763,CXR3763_IM-1883-1001.png,Frontal
7018,3764,CXR3764_IM-1884-1001.png,Frontal
7020,3765,CXR3765_IM-1884-1001.png,Frontal
7024,3767,CXR3767_IM-1886-2001.png,Frontal
7031,3771,CXR3771_IM-1890-1001.png,Frontal
7035,3773,CXR3773_IM-1891-1001.png,Frontal
7039,3775,CXR3775_IM-1893-1001.png,Frontal
7044,3778,CXR3778_IM-1894-1001.png,Frontal
7046,3779,CXR3779_IM-1894-1001.png,Frontal
7050,3781,CXR3781_IM-1897-1001.png,Frontal
7052,3782,CXR3782_IM-1898-1001.png,Frontal
7053,3783,CXR3783_IM-1898-1001.png,Frontal
7059,3787,CXR3787_IM-1900-1001.png,Frontal
7067,3792,CXR3792_IM-1906-1001.png,Frontal
7074,3796,CXR3796_IM-1909-1001.png,Frontal
7097,3809,CXR3809_IM-1919-1002001.png,Frontal
7106,3814,CXR3814_IM-1923-1001.png,Frontal
7112,3817,CXR3817_IM-1925-1001.png,Frontal
7114,3818,CXR3818_IM-1925-1001.png,Frontal
7124,3823,CXR3823_IM-1930-1001.png,Frontal
7129,3826,CXR3826_IM-1932-1001.png,Frontal
7131,3827,CXR3827_IM-1932-1001.png,Frontal
7137,3830,CXR3830_IM-1933-1001.png,Frontal
7139,3831,CXR3831_IM-1934-1001.png,Frontal
7148,3836,CXR3836_IM-1939-1001.png,Frontal
7150,3837,CXR3837_IM-1939-1001.png,Frontal
7163,3844,CXR3844_IM-1945-1001.png,Frontal
7165,3845,CXR3845_IM-1945-1001.png,Frontal
7187,3856,CXR3856_IM-1951-1001.png,Frontal
7189,3857,CXR3857_IM-1952-1001.png,Frontal
7193,3860,CXR3860_IM-1954-2001.png,Frontal
7195,3861,CXR3861_IM-1955-1001.png,Frontal
7205,3867,CXR3867_IM-1960-1001.png,Frontal
7213,3871,CXR3871_IM-1964-1001.png,Frontal
7228,3879,CXR3879_IM-1968-1001.png,Frontal
7236,3883,CXR3883_IM-1971-1001.png,Frontal
7240,3885,CXR3885_IM-1971-1001.png,Frontal
7247,3889,CXR3889_IM-1973-1001.png,Frontal
7249,3890,CXR3890_IM-1973-1001.png,Frontal
7257,3894,CXR3894_IM-1976-1001.png,Frontal
7262,3897,CXR3897_IM-1978-1001.png,Frontal
7267,3900,CXR3900_IM-1980-1001.png,Frontal
7273,3903,CXR3903_IM-1982-1001.png,Frontal
7275,3904,CXR3904_IM-1983-1001.png,Frontal
7287,3911,CXR3911_IM-1987-1001.png,Frontal
7292,3913,CXR3913_IM-1989-84584001.png,Frontal
7297,3916,CXR3916_IM-1991-1001.png,Frontal
7307,3922,CXR3922_IM-1996-0001-0002.png,Frontal
7309,3923,CXR3923_IM-1997-2002.png,Frontal
7326,3931,CXR3931_IM-2003-3001.png,Frontal
7338,3936,CXR3936_IM-2007-1001.png,Frontal
7342,3938,CXR3938_IM-2009-1001.png,Frontal
7344,3939,CXR3939_IM-2010-1001.png,Frontal
7357,3946,CXR3946_IM-2015-1001.png,Frontal
7361,3948,CXR3948_IM-2017-1001.png,Frontal
7370,3953,CXR3953_IM-2021-1001.png,Frontal
7372,3954,CXR3954_IM-2021-1001.png,Frontal
7374,3955,CXR3955_IM-2021-1001.png,Frontal
7375,3955,CXR3955_IM-2021-1003.png,Frontal
7379,3957,CXR3957_IM-2022-1001.png,Frontal
7381,3958,CXR3958_IM-2022-1001.png,Frontal
7389,3962,CXR3962_IM-2027-1001.png,Frontal
7407,3970,CXR3970_IM-2031-1001.png,Frontal
7409,3971,CXR3971_IM-2031-1001.png,Frontal
7410,3971,CXR3971_IM-2031-3001.png,Frontal
7414,3973,CXR3973_IM-2033-1001.png,Frontal
7419,3976,CXR3976_IM-2035-1001.png,Frontal
7423,3978,CXR3978_IM-2037-0001-0001.png,Frontal
7429,3981,CXR3981_IM-2039-1001.png,Frontal
7431,3982,CXR3982_IM-2039-1001.png,Frontal
7439,3986,CXR3986_IM-2041-1001.png,Frontal
7440,3986,CXR3986_IM-2041-3001.png,Frontal
7462,3998,CXR3998_IM-2048-1001.png,Frontal
7464,3999,CXR3999_IM-2049-1001.png,Frontal
